{"cameraMode":{"drawMode":0,"name":"Shaded","section":"Shading Mode"},"sceneLighting":true,"audioPlay":false,"sceneViewState":{"m_AlwaysRefresh":false,"showFog":true,"showSkybox":true,"showFlares":true,"showImageEffects":true,"showParticleSystems":true,"showVisualEffectGraphs":true,"m_FxEnabled":true},"in2DMode":false,"pivot":{"x":7.988161563873291,"y":-42.5106201171875,"z":261.31719970703127},"rotation":{"x":-0.07373905926942826,"y":-0.009875870309770108,"z":0.0007301598670892417,"w":-0.9972288608551025},"size":144.52694702148438,"orthographic":false}