{"cameraMode":{"drawMode":0,"name":"Shaded","section":"Shading Mode"},"sceneLighting":true,"audioPlay":false,"sceneViewState":{"m_AlwaysRefresh":false,"showFog":true,"showSkybox":true,"showFlares":true,"showImageEffects":true,"showParticleSystems":true,"showVisualEffectGraphs":true,"m_FxEnabled":true},"in2DMode":false,"pivot":{"x":365.61065673828127,"y":0.000263214111328125,"z":260.5551452636719},"rotation":{"x":-0.07373905926942826,"y":-0.009875870309770108,"z":0.0007301598670892417,"w":-0.9972288608551025},"size":517.98974609375,"orthographic":false}